{
  "lightWeight" : [
    [1, 0, 1, 0],
    [0, 0, 0, 1],
    [0, 0, 0, 1],
    [1, 0, 0, 1],
    [0, 1, 1, 1]
  ],
  "rlightWeight" : [
    [0, 1, 0, 1],
    [1, 0, 0, 0],
    [1, 0, 0, 0],
    [1, 0, 0, 1],
    [1, 1, 1, 0]
  ],
  "ulightWeight" : [
    [1, 1, 1, 0],
    [1, 0, 0, 1],
    [1, 0, 0, 0],
    [1, 0, 0, 0],
    [0, 1, 0, 1]
  ],
  "glider" : [
    [1, 0, 0],
    [1, 0, 1],
    [1, 1, 0]
  ],
  "rglider" : [
    [0, 0, 1],
    [1, 0, 1],
    [0, 1, 1]
  ],
  "drigon": [
    [1, 1, 0, 1, 1, 0, 0, 0, 0, 1, 1, 0, 1, 1],
    [1, 1, 0, 1, 1, 0, 0, 0, 0, 1, 1, 0, 1, 1],
    [1, 1, 0, 1, 1, 0, 0, 0, 0, 1, 1, 0, 1, 1],
    [0, 0, 0, 0, 0, 0, 0, 0, 0, 0, 0, 0, 0, 0],
    [0, 0, 0, 1, 1, 0, 0, 0, 0, 1, 1, 0, 0, 0],
    [1, 1, 0, 0, 0, 0, 0, 0, 0, 0, 0, 0, 1, 1],
    [0, 0, 0, 0, 0, 0, 1, 1, 0, 0, 0, 0, 0, 0],
    [0, 0, 0, 0, 0, 1, 1, 1, 1, 0, 0, 0, 0, 0],
    [0, 0, 1, 1, 0, 0, 0, 0, 0, 0, 1, 1, 0, 0],
    [0, 0, 1, 1, 1, 0, 1, 1, 0, 1, 1, 1, 0, 0],
    [0, 0, 1, 1, 1, 0, 1, 1, 0, 1, 1, 1, 0, 0],
    [0, 1, 0, 0, 1, 0, 0, 0, 0, 1, 0, 0, 1, 0],
    [0, 1, 0, 1, 1, 0, 0, 0, 0, 1, 1, 0, 1, 0],
    [1, 1, 0, 1, 0, 0, 0, 0, 0, 0, 1, 0, 1, 1],
    [1, 1, 0, 0, 0, 0, 0, 0, 0, 0, 0, 0, 1, 1],
    [0, 1, 1, 0, 0, 0, 0, 0, 0, 0, 0, 1, 1, 0],
    [0, 1, 0, 0, 0, 0, 0, 0, 0, 0, 0, 0, 1, 0],
    [1, 0, 0, 0, 0, 0, 0, 0, 0, 0, 0, 0, 0, 1],
    [0, 1, 0, 0, 0, 0, 0, 0, 0, 0, 0, 0, 1, 0],
    [0, 1, 0, 0, 0, 0, 0, 0, 0, 0, 0, 0, 1, 0],
    [0, 1, 1, 1, 0, 0, 0, 0, 0, 0, 1, 1, 1, 0],
    [0, 1, 0, 0, 1, 0, 1, 1, 0, 1, 0, 0, 1, 0],
    [0, 0, 0, 1, 1, 1, 1, 1, 1, 1, 1, 0, 0, 0],
    [0, 0, 0, 1, 1, 0, 0, 0, 0, 1, 1, 0, 0, 0],
    [0, 0, 0, 0, 0, 0, 0, 0, 0, 0, 0, 0, 0, 0],
    [0, 1, 1, 0, 1, 1, 0, 0, 1, 1, 0, 1, 1, 0],
    [0, 0, 1, 0, 1, 0, 0, 0, 0, 1, 0, 1, 0, 0],
    [0, 0, 1, 0, 1, 0, 0, 0, 0, 1, 0, 1, 0, 0],
    [0, 0, 1, 0, 1, 0, 0, 0, 0, 1, 0, 1, 0, 0],
    [0, 0, 1, 0, 1, 0, 0, 0, 0, 1, 0, 1, 0, 0],
    [0, 0, 0, 1, 0, 0, 0, 0, 0, 0, 1, 0, 0, 0]
  ],
  "mooseAntlers" : [
    [0, 0, 0, 0, 1, 0, 0, 0, 0],
    [0, 0, 0, 1, 0, 1, 0, 0, 0],
    [0, 1, 1, 1, 1, 1, 1, 1, 0],
    [1, 0, 0, 0, 0, 0, 0, 0, 1],
    [1, 1, 0, 0, 0, 0, 0, 1, 1]
  ]
}